company,url,date_checked,request_date,type,budget,deliverables,deadline,source_format,fit,next_action
unnamed client (Upwork),https://www.upwork.com/jobs/~022064242652585584503,2026-10-09,,request,,"Reusable Remotion motion-graphics components for AI video pipeline (AWS Lambda); first delivery 1-2 weeks (snippet, unverified: 403)",1-2 weeks to first delivery (snippet),Remotion/React/TS code,med - explicit Remotion; pipeline scope bigger than our 15 s offer; date/budget unverified,Open in a browser to verify date/budget/scope; owner OK before any bid
unnamed client (Upwork),https://www.upwork.com/freelance-jobs/apply/Expert-Remotion-Developer-Build-Automated-Product-Demo-Video-Workflow-from-Screen-Recordings_~022049990254329147761/,2026-10-09,"2026-04-30 (snippet, unverified)",request,"USD 150 fixed (snippet, unverified)",Automated product demo video workflow from screen recordings; 9:16/16:9/1:1 exports,,Remotion/React/TS code,low-med - Remotion match but likely stale (outside 90 days) and low budget; page 403,Verify in browser if still open; else drop
unnamed client (Upwork),https://www.upwork.com/freelance-jobs/apply/Explainer-video_~021982385381947826168,2026-10-09,,request,"USD 255 fixed (snippet, unverified)",2D explainer video with UI/UX motion; SaaS/UI animation examples requested,,not stated (unverified),low-med - UI animation match; small budget; source requirement unknown,Verify date/length/source in browser; skip if AE/Premiere source required
AgentSDR,https://www.producthunt.com/products/agentsdr,2026-10-09,,prospect,,"Proposed: 15 s SaaS video + 9:16, editable Remotion source, 1 revision",,,"high - launch-day page, static images only (page read, not DOM-verified)",Verify no video in browser; owner decides on outreach
BrightBean Studio,https://www.producthunt.com/products/brightbean-studio-social-media,2026-10-09,,prospect,,"Proposed: 15 s SaaS video + 9:16, editable Remotion source, 1 revision",,,"high - social-media tool, vertical cut directly useful; static images only (page read)",Verify no video in browser; owner decides on outreach
Zernio,https://www.producthunt.com/products/zernio,2026-10-09,,prospect,,"Proposed: 15 s SaaS video + 9:16, editable Remotion source, 1 revision",,,high - marketing infra product; static images only (page read),Verify no video in browser; owner decides on outreach
Busabase,https://www.producthunt.com/products/busabase,2026-10-09,,prospect,,"Proposed: 15 s SaaS video + 9:16, editable Remotion source, 1 revision",,,med - abstract infra positioning benefits from explainer; static images only (page read),Verify no video in browser; owner decides on outreach
Staffcoder,https://www.producthunt.com/products/staffcoder,2026-10-09,,prospect,,"Proposed: 15 s SaaS video + 9:16, editable Remotion source, 1 revision",,,med - dev audience; no video on launch page (page read),Verify no video in browser; owner decides on outreach
Senro,https://senro.ai,2026-10-09,,prospect,,"Proposed: 15 s SaaS video + 9:16, editable Remotion source, 1 revision",,,"med - technical B2B, static screenshots only; Show HN date unverified",Verify homepage in browser; owner decides on outreach
